dist,time,when
f,f,i
42195,2.848333,19930926
21097,1.294166,19940206
10000,0.572777,19940729
5000,0.275833,19940722
3000,0.159583,19940715
1500,0.079416,19920602
800,0.037802,19940629
