dist,time
f,f
800,0.036594
1000,0.047436
1500,0.076138
1609,0.082122
3000,0.16453
5000,0.282152
10000,0.603655
21097,1.345
42195,2.968333
